row_number,variable_name,issue_type,current_value,details
17,FatherOccupation,Missing Value,NaN,"Missing value in column ""FatherOccupation"""
1,IfYesSourceOfInformationAboutMensturation,Missing Value,NaN,"Missing value in column ""IfYesSourceOfInformationAboutMensturation"""
2,IfYesSourceOfInformationAboutMensturation,Missing Value,NaN,"Missing value in column ""IfYesSourceOfInformationAboutMensturation"""
3,IfYesSourceOfInformationAboutMensturation,Missing Value,NaN,"Missing value in column ""IfYesSourceOfInformationAboutMensturation"""
4,IfYesSourceOfInformationAboutMensturation,Missing Value,NaN,"Missing value in column ""IfYesSourceOfInformationAboutMensturation"""
5,IfYesSourceOfInformationAboutMensturation,Missing Value,NaN,"Missing value in column ""IfYesSourceOfInformationAboutMensturation"""
7,IfYesSourceOfInformationAboutMensturation,Missing Value,NaN,"Missing value in column ""IfYesSourceOfInformationAboutMensturation"""
8,IfYesSourceOfInformationAboutMensturation,Missing Value,NaN,"Missing value in column ""IfYesSourceOfInformationAboutMensturation"""
9,IfYesSourceOfInformationAboutMensturation,Missing Value,NaN,"Missing value in column ""IfYesSourceOfInformationAboutMensturation"""
10,IfYesSourceOfInformationAboutMensturation,Missing Value,NaN,"Missing value in column ""IfYesSourceOfInformationAboutMensturation"""
11,IfYesSourceOfInformationAboutMensturation,Missing Value,NaN,"Missing value in column ""IfYesSourceOfInformationAboutMensturation"""
14,IfYesSourceOfInformationAboutMensturation,Missing Value,NaN,"Missing value in column ""IfYesSourceOfInformationAboutMensturation"""
15,IfYesSourceOfInformationAboutMensturation,Missing Value,NaN,"Missing value in column ""IfYesSourceOfInformationAboutMensturation"""
16,IfYesSourceOfInformationAboutMensturation,Missing Value,NaN,"Missing value in column ""IfYesSourceOfInformationAboutMensturation"""
17,IfYesSourceOfInformationAboutMensturation,Missing Value,NaN,"Missing value in column ""IfYesSourceOfInformationAboutMensturation"""
18,IfYesSourceOfInformationAboutMensturation,Missing Value,NaN,"Missing value in column ""IfYesSourceOfInformationAboutMensturation"""
20,IfYesSourceOfInformationAboutMensturation,Missing Value,NaN,"Missing value in column ""IfYesSourceOfInformationAboutMensturation"""
21,IfYesSourceOfInformationAboutMensturation,Missing Value,NaN,"Missing value in column ""IfYesSourceOfInformationAboutMensturation"""
23,IfYesSourceOfInformationAboutMensturation,Missing Value,NaN,"Missing value in column ""IfYesSourceOfInformationAboutMensturation"""
27,IfYesSourceOfInformationAboutMensturation,Missing Value,NaN,"Missing value in column ""IfYesSourceOfInformationAboutMensturation"""
30,IfYesSourceOfInformationAboutMensturation,Missing Value,NaN,"Missing value in column ""IfYesSourceOfInformationAboutMensturation"""
31,IfYesSourceOfInformationAboutMensturation,Missing Value,NaN,"Missing value in column ""IfYesSourceOfInformationAboutMensturation"""
32,IfYesSourceOfInformationAboutMensturation,Missing Value,NaN,"Missing value in column ""IfYesSourceOfInformationAboutMensturation"""
33,IfYesSourceOfInformationAboutMensturation,Missing Value,NaN,"Missing value in column ""IfYesSourceOfInformationAboutMensturation"""
34,IfYesSourceOfInformationAboutMensturation,Missing Value,NaN,"Missing value in column ""IfYesSourceOfInformationAboutMensturation"""
35,IfYesSourceOfInformationAboutMensturation,Missing Value,NaN,"Missing value in column ""IfYesSourceOfInformationAboutMensturation"""
36,IfYesSourceOfInformationAboutMensturation,Missing Value,NaN,"Missing value in column ""IfYesSourceOfInformationAboutMensturation"""
37,IfYesSourceOfInformationAboutMensturation,Missing Value,NaN,"Missing value in column ""IfYesSourceOfInformationAboutMensturation"""
40,IfYesSourceOfInformationAboutMensturation,Missing Value,NaN,"Missing value in column ""IfYesSourceOfInformationAboutMensturation"""
41,IfYesSourceOfInformationAboutMensturation,Missing Value,NaN,"Missing value in column ""IfYesSourceOfInformationAboutMensturation"""
42,IfYesSourceOfInformationAboutMensturation,Missing Value,NaN,"Missing value in column ""IfYesSourceOfInformationAboutMensturation"""
44,IfYesSourceOfInformationAboutMensturation,Missing Value,NaN,"Missing value in column ""IfYesSourceOfInformationAboutMensturation"""
48,IfYesSourceOfInformationAboutMensturation,Missing Value,NaN,"Missing value in column ""IfYesSourceOfInformationAboutMensturation"""
49,IfYesSourceOfInformationAboutMensturation,Missing Value,NaN,"Missing value in column ""IfYesSourceOfInformationAboutMensturation"""
50,IfYesSourceOfInformationAboutMensturation,Missing Value,NaN,"Missing value in column ""IfYesSourceOfInformationAboutMensturation"""
51,IfYesSourceOfInformationAboutMensturation,Missing Value,NaN,"Missing value in column ""IfYesSourceOfInformationAboutMensturation"""
52,IfYesSourceOfInformationAboutMensturation,Missing Value,NaN,"Missing value in column ""IfYesSourceOfInformationAboutMensturation"""
53,IfYesSourceOfInformationAboutMensturation,Missing Value,NaN,"Missing value in column ""IfYesSourceOfInformationAboutMensturation"""
54,IfYesSourceOfInformationAboutMensturation,Missing Value,NaN,"Missing value in column ""IfYesSourceOfInformationAboutMensturation"""
55,IfYesSourceOfInformationAboutMensturation,Missing Value,NaN,"Missing value in column ""IfYesSourceOfInformationAboutMensturation"""
56,IfYesSourceOfInformationAboutMensturation,Missing Value,NaN,"Missing value in column ""IfYesSourceOfInformationAboutMensturation"""
57,IfYesSourceOfInformationAboutMensturation,Missing Value,NaN,"Missing value in column ""IfYesSourceOfInformationAboutMensturation"""
58,IfYesSourceOfInformationAboutMensturation,Missing Value,NaN,"Missing value in column ""IfYesSourceOfInformationAboutMensturation"""
61,IfYesSourceOfInformationAboutMensturation,Missing Value,NaN,"Missing value in column ""IfYesSourceOfInformationAboutMensturation"""
62,IfYesSourceOfInformationAboutMensturation,Missing Value,NaN,"Missing value in column ""IfYesSourceOfInformationAboutMensturation"""
63,IfYesSourceOfInformationAboutMensturation,Missing Value,NaN,"Missing value in column ""IfYesSourceOfInformationAboutMensturation"""
64,IfYesSourceOfInformationAboutMensturation,Missing Value,NaN,"Missing value in column ""IfYesSourceOfInformationAboutMensturation"""
65,IfYesSourceOfInformationAboutMensturation,Missing Value,NaN,"Missing value in column ""IfYesSourceOfInformationAboutMensturation"""
66,IfYesSourceOfInformationAboutMensturation,Missing Value,NaN,"Missing value in column ""IfYesSourceOfInformationAboutMensturation"""
68,IfYesSourceOfInformationAboutMensturation,Missing Value,NaN,"Missing value in column ""IfYesSourceOfInformationAboutMensturation"""
69,IfYesSourceOfInformationAboutMensturation,Missing Value,NaN,"Missing value in column ""IfYesSourceOfInformationAboutMensturation"""
71,IfYesSourceOfInformationAboutMensturation,Missing Value,NaN,"Missing value in column ""IfYesSourceOfInformationAboutMensturation"""
72,IfYesSourceOfInformationAboutMensturation,Missing Value,NaN,"Missing value in column ""IfYesSourceOfInformationAboutMensturation"""
73,IfYesSourceOfInformationAboutMensturation,Missing Value,NaN,"Missing value in column ""IfYesSourceOfInformationAboutMensturation"""
74,IfYesSourceOfInformationAboutMensturation,Missing Value,NaN,"Missing value in column ""IfYesSourceOfInformationAboutMensturation"""
75,IfYesSourceOfInformationAboutMensturation,Missing Value,NaN,"Missing value in column ""IfYesSourceOfInformationAboutMensturation"""
76,IfYesSourceOfInformationAboutMensturation,Missing Value,NaN,"Missing value in column ""IfYesSourceOfInformationAboutMensturation"""
77,IfYesSourceOfInformationAboutMensturation,Missing Value,NaN,"Missing value in column ""IfYesSourceOfInformationAboutMensturation"""
78,IfYesSourceOfInformationAboutMensturation,Missing Value,NaN,"Missing value in column ""IfYesSourceOfInformationAboutMensturation"""
79,IfYesSourceOfInformationAboutMensturation,Missing Value,NaN,"Missing value in column ""IfYesSourceOfInformationAboutMensturation"""
80,IfYesSourceOfInformationAboutMensturation,Missing Value,NaN,"Missing value in column ""IfYesSourceOfInformationAboutMensturation"""
81,IfYesSourceOfInformationAboutMensturation,Missing Value,NaN,"Missing value in column ""IfYesSourceOfInformationAboutMensturation"""
83,IfYesSourceOfInformationAboutMensturation,Missing Value,NaN,"Missing value in column ""IfYesSourceOfInformationAboutMensturation"""
84,IfYesSourceOfInformationAboutMensturation,Missing Value,NaN,"Missing value in column ""IfYesSourceOfInformationAboutMensturation"""
85,IfYesSourceOfInformationAboutMensturation,Missing Value,NaN,"Missing value in column ""IfYesSourceOfInformationAboutMensturation"""
87,IfYesSourceOfInformationAboutMensturation,Missing Value,NaN,"Missing value in column ""IfYesSourceOfInformationAboutMensturation"""
88,IfYesSourceOfInformationAboutMensturation,Missing Value,NaN,"Missing value in column ""IfYesSourceOfInformationAboutMensturation"""
90,IfYesSourceOfInformationAboutMensturation,Missing Value,NaN,"Missing value in column ""IfYesSourceOfInformationAboutMensturation"""
91,IfYesSourceOfInformationAboutMensturation,Missing Value,NaN,"Missing value in column ""IfYesSourceOfInformationAboutMensturation"""
92,IfYesSourceOfInformationAboutMensturation,Missing Value,NaN,"Missing value in column ""IfYesSourceOfInformationAboutMensturation"""
93,IfYesSourceOfInformationAboutMensturation,Missing Value,NaN,"Missing value in column ""IfYesSourceOfInformationAboutMensturation"""
94,IfYesSourceOfInformationAboutMensturation,Missing Value,NaN,"Missing value in column ""IfYesSourceOfInformationAboutMensturation"""
95,IfYesSourceOfInformationAboutMensturation,Missing Value,NaN,"Missing value in column ""IfYesSourceOfInformationAboutMensturation"""
96,IfYesSourceOfInformationAboutMensturation,Missing Value,NaN,"Missing value in column ""IfYesSourceOfInformationAboutMensturation"""
97,IfYesSourceOfInformationAboutMensturation,Missing Value,NaN,"Missing value in column ""IfYesSourceOfInformationAboutMensturation"""
98,IfYesSourceOfInformationAboutMensturation,Missing Value,NaN,"Missing value in column ""IfYesSourceOfInformationAboutMensturation"""
99,IfYesSourceOfInformationAboutMensturation,Missing Value,NaN,"Missing value in column ""IfYesSourceOfInformationAboutMensturation"""
100,IfYesSourceOfInformationAboutMensturation,Missing Value,NaN,"Missing value in column ""IfYesSourceOfInformationAboutMensturation"""
101,IfYesSourceOfInformationAboutMensturation,Missing Value,NaN,"Missing value in column ""IfYesSourceOfInformationAboutMensturation"""
102,IfYesSourceOfInformationAboutMensturation,Missing Value,NaN,"Missing value in column ""IfYesSourceOfInformationAboutMensturation"""
103,IfYesSourceOfInformationAboutMensturation,Missing Value,NaN,"Missing value in column ""IfYesSourceOfInformationAboutMensturation"""
106,IfYesSourceOfInformationAboutMensturation,Missing Value,NaN,"Missing value in column ""IfYesSourceOfInformationAboutMensturation"""
107,IfYesSourceOfInformationAboutMensturation,Missing Value,NaN,"Missing value in column ""IfYesSourceOfInformationAboutMensturation"""
108,IfYesSourceOfInformationAboutMensturation,Missing Value,NaN,"Missing value in column ""IfYesSourceOfInformationAboutMensturation"""
109,IfYesSourceOfInformationAboutMensturation,Missing Value,NaN,"Missing value in column ""IfYesSourceOfInformationAboutMensturation"""
110,IfYesSourceOfInformationAboutMensturation,Missing Value,NaN,"Missing value in column ""IfYesSourceOfInformationAboutMensturation"""
111,IfYesSourceOfInformationAboutMensturation,Missing Value,NaN,"Missing value in column ""IfYesSourceOfInformationAboutMensturation"""
112,IfYesSourceOfInformationAboutMensturation,Missing Value,NaN,"Missing value in column ""IfYesSourceOfInformationAboutMensturation"""
113,IfYesSourceOfInformationAboutMensturation,Missing Value,NaN,"Missing value in column ""IfYesSourceOfInformationAboutMensturation"""
114,IfYesSourceOfInformationAboutMensturation,Missing Value,NaN,"Missing value in column ""IfYesSourceOfInformationAboutMensturation"""
115,IfYesSourceOfInformationAboutMensturation,Missing Value,NaN,"Missing value in column ""IfYesSourceOfInformationAboutMensturation"""
116,IfYesSourceOfInformationAboutMensturation,Missing Value,NaN,"Missing value in column ""IfYesSourceOfInformationAboutMensturation"""
117,IfYesSourceOfInformationAboutMensturation,Missing Value,NaN,"Missing value in column ""IfYesSourceOfInformationAboutMensturation"""
118,IfYesSourceOfInformationAboutMensturation,Missing Value,NaN,"Missing value in column ""IfYesSourceOfInformationAboutMensturation"""
119,IfYesSourceOfInformationAboutMensturation,Missing Value,NaN,"Missing value in column ""IfYesSourceOfInformationAboutMensturation"""
120,IfYesSourceOfInformationAboutMensturation,Missing Value,NaN,"Missing value in column ""IfYesSourceOfInformationAboutMensturation"""
1,AnyOtherSpecify,Missing Value,NaN,"Missing value in column ""AnyOtherSpecify"""
2,AnyOtherSpecify,Missing Value,NaN,"Missing value in column ""AnyOtherSpecify"""
3,AnyOtherSpecify,Missing Value,NaN,"Missing value in column ""AnyOtherSpecify"""
4,AnyOtherSpecify,Missing Value,NaN,"Missing value in column ""AnyOtherSpecify"""
5,AnyOtherSpecify,Missing Value,NaN,"Missing value in column ""AnyOtherSpecify"""
6,AnyOtherSpecify,Missing Value,NaN,"Missing value in column ""AnyOtherSpecify"""
7,AnyOtherSpecify,Missing Value,NaN,"Missing value in column ""AnyOtherSpecify"""
8,AnyOtherSpecify,Missing Value,NaN,"Missing value in column ""AnyOtherSpecify"""
9,AnyOtherSpecify,Missing Value,NaN,"Missing value in column ""AnyOtherSpecify"""
10,AnyOtherSpecify,Missing Value,NaN,"Missing value in column ""AnyOtherSpecify"""
11,AnyOtherSpecify,Missing Value,NaN,"Missing value in column ""AnyOtherSpecify"""
12,AnyOtherSpecify,Missing Value,NaN,"Missing value in column ""AnyOtherSpecify"""
13,AnyOtherSpecify,Missing Value,NaN,"Missing value in column ""AnyOtherSpecify"""
14,AnyOtherSpecify,Missing Value,NaN,"Missing value in column ""AnyOtherSpecify"""
15,AnyOtherSpecify,Missing Value,NaN,"Missing value in column ""AnyOtherSpecify"""
16,AnyOtherSpecify,Missing Value,NaN,"Missing value in column ""AnyOtherSpecify"""
17,AnyOtherSpecify,Missing Value,NaN,"Missing value in column ""AnyOtherSpecify"""
18,AnyOtherSpecify,Missing Value,NaN,"Missing value in column ""AnyOtherSpecify"""
19,AnyOtherSpecify,Missing Value,NaN,"Missing value in column ""AnyOtherSpecify"""
20,AnyOtherSpecify,Missing Value,NaN,"Missing value in column ""AnyOtherSpecify"""
21,AnyOtherSpecify,Missing Value,NaN,"Missing value in column ""AnyOtherSpecify"""
22,AnyOtherSpecify,Missing Value,NaN,"Missing value in column ""AnyOtherSpecify"""
23,AnyOtherSpecify,Missing Value,NaN,"Missing value in column ""AnyOtherSpecify"""
24,AnyOtherSpecify,Missing Value,NaN,"Missing value in column ""AnyOtherSpecify"""
25,AnyOtherSpecify,Missing Value,NaN,"Missing value in column ""AnyOtherSpecify"""
26,AnyOtherSpecify,Missing Value,NaN,"Missing value in column ""AnyOtherSpecify"""
27,AnyOtherSpecify,Missing Value,NaN,"Missing value in column ""AnyOtherSpecify"""
28,AnyOtherSpecify,Missing Value,NaN,"Missing value in column ""AnyOtherSpecify"""
29,AnyOtherSpecify,Missing Value,NaN,"Missing value in column ""AnyOtherSpecify"""
30,AnyOtherSpecify,Missing Value,NaN,"Missing value in column ""AnyOtherSpecify"""
31,AnyOtherSpecify,Missing Value,NaN,"Missing value in column ""AnyOtherSpecify"""
32,AnyOtherSpecify,Missing Value,NaN,"Missing value in column ""AnyOtherSpecify"""
33,AnyOtherSpecify,Missing Value,NaN,"Missing value in column ""AnyOtherSpecify"""
34,AnyOtherSpecify,Missing Value,NaN,"Missing value in column ""AnyOtherSpecify"""
35,AnyOtherSpecify,Missing Value,NaN,"Missing value in column ""AnyOtherSpecify"""
36,AnyOtherSpecify,Missing Value,NaN,"Missing value in column ""AnyOtherSpecify"""
37,AnyOtherSpecify,Missing Value,NaN,"Missing value in column ""AnyOtherSpecify"""
38,AnyOtherSpecify,Missing Value,NaN,"Missing value in column ""AnyOtherSpecify"""
39,AnyOtherSpecify,Missing Value,NaN,"Missing value in column ""AnyOtherSpecify"""
40,AnyOtherSpecify,Missing Value,NaN,"Missing value in column ""AnyOtherSpecify"""
41,AnyOtherSpecify,Missing Value,NaN,"Missing value in column ""AnyOtherSpecify"""
42,AnyOtherSpecify,Missing Value,NaN,"Missing value in column ""AnyOtherSpecify"""
43,AnyOtherSpecify,Missing Value,NaN,"Missing value in column ""AnyOtherSpecify"""
44,AnyOtherSpecify,Missing Value,NaN,"Missing value in column ""AnyOtherSpecify"""
45,AnyOtherSpecify,Missing Value,NaN,"Missing value in column ""AnyOtherSpecify"""
46,AnyOtherSpecify,Missing Value,NaN,"Missing value in column ""AnyOtherSpecify"""
47,AnyOtherSpecify,Missing Value,NaN,"Missing value in column ""AnyOtherSpecify"""
48,AnyOtherSpecify,Missing Value,NaN,"Missing value in column ""AnyOtherSpecify"""
49,AnyOtherSpecify,Missing Value,NaN,"Missing value in column ""AnyOtherSpecify"""
50,AnyOtherSpecify,Missing Value,NaN,"Missing value in column ""AnyOtherSpecify"""
51,AnyOtherSpecify,Missing Value,NaN,"Missing value in column ""AnyOtherSpecify"""
52,AnyOtherSpecify,Missing Value,NaN,"Missing value in column ""AnyOtherSpecify"""
53,AnyOtherSpecify,Missing Value,NaN,"Missing value in column ""AnyOtherSpecify"""
54,AnyOtherSpecify,Missing Value,NaN,"Missing value in column ""AnyOtherSpecify"""
55,AnyOtherSpecify,Missing Value,NaN,"Missing value in column ""AnyOtherSpecify"""
56,AnyOtherSpecify,Missing Value,NaN,"Missing value in column ""AnyOtherSpecify"""
57,AnyOtherSpecify,Missing Value,NaN,"Missing value in column ""AnyOtherSpecify"""
58,AnyOtherSpecify,Missing Value,NaN,"Missing value in column ""AnyOtherSpecify"""
59,AnyOtherSpecify,Missing Value,NaN,"Missing value in column ""AnyOtherSpecify"""
60,AnyOtherSpecify,Missing Value,NaN,"Missing value in column ""AnyOtherSpecify"""
61,AnyOtherSpecify,Missing Value,NaN,"Missing value in column ""AnyOtherSpecify"""
62,AnyOtherSpecify,Missing Value,NaN,"Missing value in column ""AnyOtherSpecify"""
63,AnyOtherSpecify,Missing Value,NaN,"Missing value in column ""AnyOtherSpecify"""
64,AnyOtherSpecify,Missing Value,NaN,"Missing value in column ""AnyOtherSpecify"""
65,AnyOtherSpecify,Missing Value,NaN,"Missing value in column ""AnyOtherSpecify"""
66,AnyOtherSpecify,Missing Value,NaN,"Missing value in column ""AnyOtherSpecify"""
67,AnyOtherSpecify,Missing Value,NaN,"Missing value in column ""AnyOtherSpecify"""
68,AnyOtherSpecify,Missing Value,NaN,"Missing value in column ""AnyOtherSpecify"""
69,AnyOtherSpecify,Missing Value,NaN,"Missing value in column ""AnyOtherSpecify"""
70,AnyOtherSpecify,Missing Value,NaN,"Missing value in column ""AnyOtherSpecify"""
71,AnyOtherSpecify,Missing Value,NaN,"Missing value in column ""AnyOtherSpecify"""
72,AnyOtherSpecify,Missing Value,NaN,"Missing value in column ""AnyOtherSpecify"""
73,AnyOtherSpecify,Missing Value,NaN,"Missing value in column ""AnyOtherSpecify"""
74,AnyOtherSpecify,Missing Value,NaN,"Missing value in column ""AnyOtherSpecify"""
75,AnyOtherSpecify,Missing Value,NaN,"Missing value in column ""AnyOtherSpecify"""
76,AnyOtherSpecify,Missing Value,NaN,"Missing value in column ""AnyOtherSpecify"""
77,AnyOtherSpecify,Missing Value,NaN,"Missing value in column ""AnyOtherSpecify"""
78,AnyOtherSpecify,Missing Value,NaN,"Missing value in column ""AnyOtherSpecify"""
79,AnyOtherSpecify,Missing Value,NaN,"Missing value in column ""AnyOtherSpecify"""
80,AnyOtherSpecify,Missing Value,NaN,"Missing value in column ""AnyOtherSpecify"""
81,AnyOtherSpecify,Missing Value,NaN,"Missing value in column ""AnyOtherSpecify"""
82,AnyOtherSpecify,Missing Value,NaN,"Missing value in column ""AnyOtherSpecify"""
83,AnyOtherSpecify,Missing Value,NaN,"Missing value in column ""AnyOtherSpecify"""
84,AnyOtherSpecify,Missing Value,NaN,"Missing value in column ""AnyOtherSpecify"""
85,AnyOtherSpecify,Missing Value,NaN,"Missing value in column ""AnyOtherSpecify"""
86,AnyOtherSpecify,Missing Value,NaN,"Missing value in column ""AnyOtherSpecify"""
87,AnyOtherSpecify,Missing Value,NaN,"Missing value in column ""AnyOtherSpecify"""
88,AnyOtherSpecify,Missing Value,NaN,"Missing value in column ""AnyOtherSpecify"""
89,AnyOtherSpecify,Missing Value,NaN,"Missing value in column ""AnyOtherSpecify"""
90,AnyOtherSpecify,Missing Value,NaN,"Missing value in column ""AnyOtherSpecify"""
91,AnyOtherSpecify,Missing Value,NaN,"Missing value in column ""AnyOtherSpecify"""
92,AnyOtherSpecify,Missing Value,NaN,"Missing value in column ""AnyOtherSpecify"""
93,AnyOtherSpecify,Missing Value,NaN,"Missing value in column ""AnyOtherSpecify"""
94,AnyOtherSpecify,Missing Value,NaN,"Missing value in column ""AnyOtherSpecify"""
95,AnyOtherSpecify,Missing Value,NaN,"Missing value in column ""AnyOtherSpecify"""
96,AnyOtherSpecify,Missing Value,NaN,"Missing value in column ""AnyOtherSpecify"""
97,AnyOtherSpecify,Missing Value,NaN,"Missing value in column ""AnyOtherSpecify"""
98,AnyOtherSpecify,Missing Value,NaN,"Missing value in column ""AnyOtherSpecify"""
99,AnyOtherSpecify,Missing Value,NaN,"Missing value in column ""AnyOtherSpecify"""
100,AnyOtherSpecify,Missing Value,NaN,"Missing value in column ""AnyOtherSpecify"""
101,AnyOtherSpecify,Missing Value,NaN,"Missing value in column ""AnyOtherSpecify"""
102,AnyOtherSpecify,Missing Value,NaN,"Missing value in column ""AnyOtherSpecify"""
103,AnyOtherSpecify,Missing Value,NaN,"Missing value in column ""AnyOtherSpecify"""
104,AnyOtherSpecify,Missing Value,NaN,"Missing value in column ""AnyOtherSpecify"""
105,AnyOtherSpecify,Missing Value,NaN,"Missing value in column ""AnyOtherSpecify"""
106,AnyOtherSpecify,Missing Value,NaN,"Missing value in column ""AnyOtherSpecify"""
107,AnyOtherSpecify,Missing Value,NaN,"Missing value in column ""AnyOtherSpecify"""
108,AnyOtherSpecify,Missing Value,NaN,"Missing value in column ""AnyOtherSpecify"""
109,AnyOtherSpecify,Missing Value,NaN,"Missing value in column ""AnyOtherSpecify"""
110,AnyOtherSpecify,Missing Value,NaN,"Missing value in column ""AnyOtherSpecify"""
111,AnyOtherSpecify,Missing Value,NaN,"Missing value in column ""AnyOtherSpecify"""
112,AnyOtherSpecify,Missing Value,NaN,"Missing value in column ""AnyOtherSpecify"""
113,AnyOtherSpecify,Missing Value,NaN,"Missing value in column ""AnyOtherSpecify"""
114,AnyOtherSpecify,Missing Value,NaN,"Missing value in column ""AnyOtherSpecify"""
115,AnyOtherSpecify,Missing Value,NaN,"Missing value in column ""AnyOtherSpecify"""
116,AnyOtherSpecify,Missing Value,NaN,"Missing value in column ""AnyOtherSpecify"""
117,AnyOtherSpecify,Missing Value,NaN,"Missing value in column ""AnyOtherSpecify"""
118,AnyOtherSpecify,Missing Value,NaN,"Missing value in column ""AnyOtherSpecify"""
119,AnyOtherSpecify,Missing Value,NaN,"Missing value in column ""AnyOtherSpecify"""
120,AnyOtherSpecify,Missing Value,NaN,"Missing value in column ""AnyOtherSpecify"""
1,AnyOtherPleaseSpecify,Missing Value,NaN,"Missing value in column ""AnyOtherPleaseSpecify"""
2,AnyOtherPleaseSpecify,Missing Value,NaN,"Missing value in column ""AnyOtherPleaseSpecify"""
3,AnyOtherPleaseSpecify,Missing Value,NaN,"Missing value in column ""AnyOtherPleaseSpecify"""
4,AnyOtherPleaseSpecify,Missing Value,NaN,"Missing value in column ""AnyOtherPleaseSpecify"""
5,AnyOtherPleaseSpecify,Missing Value,NaN,"Missing value in column ""AnyOtherPleaseSpecify"""
6,AnyOtherPleaseSpecify,Missing Value,NaN,"Missing value in column ""AnyOtherPleaseSpecify"""
7,AnyOtherPleaseSpecify,Missing Value,NaN,"Missing value in column ""AnyOtherPleaseSpecify"""
8,AnyOtherPleaseSpecify,Missing Value,NaN,"Missing value in column ""AnyOtherPleaseSpecify"""
9,AnyOtherPleaseSpecify,Missing Value,NaN,"Missing value in column ""AnyOtherPleaseSpecify"""
10,AnyOtherPleaseSpecify,Missing Value,NaN,"Missing value in column ""AnyOtherPleaseSpecify"""
11,AnyOtherPleaseSpecify,Missing Value,NaN,"Missing value in column ""AnyOtherPleaseSpecify"""
12,AnyOtherPleaseSpecify,Missing Value,NaN,"Missing value in column ""AnyOtherPleaseSpecify"""
13,AnyOtherPleaseSpecify,Missing Value,NaN,"Missing value in column ""AnyOtherPleaseSpecify"""
14,AnyOtherPleaseSpecify,Missing Value,NaN,"Missing value in column ""AnyOtherPleaseSpecify"""
15,AnyOtherPleaseSpecify,Missing Value,NaN,"Missing value in column ""AnyOtherPleaseSpecify"""
16,AnyOtherPleaseSpecify,Missing Value,NaN,"Missing value in column ""AnyOtherPleaseSpecify"""
17,AnyOtherPleaseSpecify,Missing Value,NaN,"Missing value in column ""AnyOtherPleaseSpecify"""
18,AnyOtherPleaseSpecify,Missing Value,NaN,"Missing value in column ""AnyOtherPleaseSpecify"""
19,AnyOtherPleaseSpecify,Missing Value,NaN,"Missing value in column ""AnyOtherPleaseSpecify"""
20,AnyOtherPleaseSpecify,Missing Value,NaN,"Missing value in column ""AnyOtherPleaseSpecify"""
21,AnyOtherPleaseSpecify,Missing Value,NaN,"Missing value in column ""AnyOtherPleaseSpecify"""
22,AnyOtherPleaseSpecify,Missing Value,NaN,"Missing value in column ""AnyOtherPleaseSpecify"""
23,AnyOtherPleaseSpecify,Missing Value,NaN,"Missing value in column ""AnyOtherPleaseSpecify"""
24,AnyOtherPleaseSpecify,Missing Value,NaN,"Missing value in column ""AnyOtherPleaseSpecify"""
25,AnyOtherPleaseSpecify,Missing Value,NaN,"Missing value in column ""AnyOtherPleaseSpecify"""
26,AnyOtherPleaseSpecify,Missing Value,NaN,"Missing value in column ""AnyOtherPleaseSpecify"""
27,AnyOtherPleaseSpecify,Missing Value,NaN,"Missing value in column ""AnyOtherPleaseSpecify"""
28,AnyOtherPleaseSpecify,Missing Value,NaN,"Missing value in column ""AnyOtherPleaseSpecify"""
29,AnyOtherPleaseSpecify,Missing Value,NaN,"Missing value in column ""AnyOtherPleaseSpecify"""
30,AnyOtherPleaseSpecify,Missing Value,NaN,"Missing value in column ""AnyOtherPleaseSpecify"""
31,AnyOtherPleaseSpecify,Missing Value,NaN,"Missing value in column ""AnyOtherPleaseSpecify"""
32,AnyOtherPleaseSpecify,Missing Value,NaN,"Missing value in column ""AnyOtherPleaseSpecify"""
33,AnyOtherPleaseSpecify,Missing Value,NaN,"Missing value in column ""AnyOtherPleaseSpecify"""
34,AnyOtherPleaseSpecify,Missing Value,NaN,"Missing value in column ""AnyOtherPleaseSpecify"""
35,AnyOtherPleaseSpecify,Missing Value,NaN,"Missing value in column ""AnyOtherPleaseSpecify"""
36,AnyOtherPleaseSpecify,Missing Value,NaN,"Missing value in column ""AnyOtherPleaseSpecify"""
37,AnyOtherPleaseSpecify,Missing Value,NaN,"Missing value in column ""AnyOtherPleaseSpecify"""
38,AnyOtherPleaseSpecify,Missing Value,NaN,"Missing value in column ""AnyOtherPleaseSpecify"""
39,AnyOtherPleaseSpecify,Missing Value,NaN,"Missing value in column ""AnyOtherPleaseSpecify"""
40,AnyOtherPleaseSpecify,Missing Value,NaN,"Missing value in column ""AnyOtherPleaseSpecify"""
41,AnyOtherPleaseSpecify,Missing Value,NaN,"Missing value in column ""AnyOtherPleaseSpecify"""
42,AnyOtherPleaseSpecify,Missing Value,NaN,"Missing value in column ""AnyOtherPleaseSpecify"""
43,AnyOtherPleaseSpecify,Missing Value,NaN,"Missing value in column ""AnyOtherPleaseSpecify"""
44,AnyOtherPleaseSpecify,Missing Value,NaN,"Missing value in column ""AnyOtherPleaseSpecify"""
45,AnyOtherPleaseSpecify,Missing Value,NaN,"Missing value in column ""AnyOtherPleaseSpecify"""
46,AnyOtherPleaseSpecify,Missing Value,NaN,"Missing value in column ""AnyOtherPleaseSpecify"""
47,AnyOtherPleaseSpecify,Missing Value,NaN,"Missing value in column ""AnyOtherPleaseSpecify"""
48,AnyOtherPleaseSpecify,Missing Value,NaN,"Missing value in column ""AnyOtherPleaseSpecify"""
49,AnyOtherPleaseSpecify,Missing Value,NaN,"Missing value in column ""AnyOtherPleaseSpecify"""
50,AnyOtherPleaseSpecify,Missing Value,NaN,"Missing value in column ""AnyOtherPleaseSpecify"""
51,AnyOtherPleaseSpecify,Missing Value,NaN,"Missing value in column ""AnyOtherPleaseSpecify"""
52,AnyOtherPleaseSpecify,Missing Value,NaN,"Missing value in column ""AnyOtherPleaseSpecify"""
53,AnyOtherPleaseSpecify,Missing Value,NaN,"Missing value in column ""AnyOtherPleaseSpecify"""
54,AnyOtherPleaseSpecify,Missing Value,NaN,"Missing value in column ""AnyOtherPleaseSpecify"""
55,AnyOtherPleaseSpecify,Missing Value,NaN,"Missing value in column ""AnyOtherPleaseSpecify"""
56,AnyOtherPleaseSpecify,Missing Value,NaN,"Missing value in column ""AnyOtherPleaseSpecify"""
57,AnyOtherPleaseSpecify,Missing Value,NaN,"Missing value in column ""AnyOtherPleaseSpecify"""
58,AnyOtherPleaseSpecify,Missing Value,NaN,"Missing value in column ""AnyOtherPleaseSpecify"""
59,AnyOtherPleaseSpecify,Missing Value,NaN,"Missing value in column ""AnyOtherPleaseSpecify"""
60,AnyOtherPleaseSpecify,Missing Value,NaN,"Missing value in column ""AnyOtherPleaseSpecify"""
61,AnyOtherPleaseSpecify,Missing Value,NaN,"Missing value in column ""AnyOtherPleaseSpecify"""
62,AnyOtherPleaseSpecify,Missing Value,NaN,"Missing value in column ""AnyOtherPleaseSpecify"""
63,AnyOtherPleaseSpecify,Missing Value,NaN,"Missing value in column ""AnyOtherPleaseSpecify"""
64,AnyOtherPleaseSpecify,Missing Value,NaN,"Missing value in column ""AnyOtherPleaseSpecify"""
65,AnyOtherPleaseSpecify,Missing Value,NaN,"Missing value in column ""AnyOtherPleaseSpecify"""
66,AnyOtherPleaseSpecify,Missing Value,NaN,"Missing value in column ""AnyOtherPleaseSpecify"""
67,AnyOtherPleaseSpecify,Missing Value,NaN,"Missing value in column ""AnyOtherPleaseSpecify"""
68,AnyOtherPleaseSpecify,Missing Value,NaN,"Missing value in column ""AnyOtherPleaseSpecify"""
69,AnyOtherPleaseSpecify,Missing Value,NaN,"Missing value in column ""AnyOtherPleaseSpecify"""
70,AnyOtherPleaseSpecify,Missing Value,NaN,"Missing value in column ""AnyOtherPleaseSpecify"""
71,AnyOtherPleaseSpecify,Missing Value,NaN,"Missing value in column ""AnyOtherPleaseSpecify"""
72,AnyOtherPleaseSpecify,Missing Value,NaN,"Missing value in column ""AnyOtherPleaseSpecify"""
73,AnyOtherPleaseSpecify,Missing Value,NaN,"Missing value in column ""AnyOtherPleaseSpecify"""
74,AnyOtherPleaseSpecify,Missing Value,NaN,"Missing value in column ""AnyOtherPleaseSpecify"""
75,AnyOtherPleaseSpecify,Missing Value,NaN,"Missing value in column ""AnyOtherPleaseSpecify"""
76,AnyOtherPleaseSpecify,Missing Value,NaN,"Missing value in column ""AnyOtherPleaseSpecify"""
77,AnyOtherPleaseSpecify,Missing Value,NaN,"Missing value in column ""AnyOtherPleaseSpecify"""
78,AnyOtherPleaseSpecify,Missing Value,NaN,"Missing value in column ""AnyOtherPleaseSpecify"""
79,AnyOtherPleaseSpecify,Missing Value,NaN,"Missing value in column ""AnyOtherPleaseSpecify"""
80,AnyOtherPleaseSpecify,Missing Value,NaN,"Missing value in column ""AnyOtherPleaseSpecify"""
81,AnyOtherPleaseSpecify,Missing Value,NaN,"Missing value in column ""AnyOtherPleaseSpecify"""
82,AnyOtherPleaseSpecify,Missing Value,NaN,"Missing value in column ""AnyOtherPleaseSpecify"""
83,AnyOtherPleaseSpecify,Missing Value,NaN,"Missing value in column ""AnyOtherPleaseSpecify"""
84,AnyOtherPleaseSpecify,Missing Value,NaN,"Missing value in column ""AnyOtherPleaseSpecify"""
85,AnyOtherPleaseSpecify,Missing Value,NaN,"Missing value in column ""AnyOtherPleaseSpecify"""
86,AnyOtherPleaseSpecify,Missing Value,NaN,"Missing value in column ""AnyOtherPleaseSpecify"""
87,AnyOtherPleaseSpecify,Missing Value,NaN,"Missing value in column ""AnyOtherPleaseSpecify"""
88,AnyOtherPleaseSpecify,Missing Value,NaN,"Missing value in column ""AnyOtherPleaseSpecify"""
89,AnyOtherPleaseSpecify,Missing Value,NaN,"Missing value in column ""AnyOtherPleaseSpecify"""
90,AnyOtherPleaseSpecify,Missing Value,NaN,"Missing value in column ""AnyOtherPleaseSpecify"""
91,AnyOtherPleaseSpecify,Missing Value,NaN,"Missing value in column ""AnyOtherPleaseSpecify"""
92,AnyOtherPleaseSpecify,Missing Value,NaN,"Missing value in column ""AnyOtherPleaseSpecify"""
93,AnyOtherPleaseSpecify,Missing Value,NaN,"Missing value in column ""AnyOtherPleaseSpecify"""
94,AnyOtherPleaseSpecify,Missing Value,NaN,"Missing value in column ""AnyOtherPleaseSpecify"""
95,AnyOtherPleaseSpecify,Missing Value,NaN,"Missing value in column ""AnyOtherPleaseSpecify"""
96,AnyOtherPleaseSpecify,Missing Value,NaN,"Missing value in column ""AnyOtherPleaseSpecify"""
97,AnyOtherPleaseSpecify,Missing Value,NaN,"Missing value in column ""AnyOtherPleaseSpecify"""
98,AnyOtherPleaseSpecify,Missing Value,NaN,"Missing value in column ""AnyOtherPleaseSpecify"""
99,AnyOtherPleaseSpecify,Missing Value,NaN,"Missing value in column ""AnyOtherPleaseSpecify"""
100,AnyOtherPleaseSpecify,Missing Value,NaN,"Missing value in column ""AnyOtherPleaseSpecify"""
101,AnyOtherPleaseSpecify,Missing Value,NaN,"Missing value in column ""AnyOtherPleaseSpecify"""
102,AnyOtherPleaseSpecify,Missing Value,NaN,"Missing value in column ""AnyOtherPleaseSpecify"""
103,AnyOtherPleaseSpecify,Missing Value,NaN,"Missing value in column ""AnyOtherPleaseSpecify"""
104,AnyOtherPleaseSpecify,Missing Value,NaN,"Missing value in column ""AnyOtherPleaseSpecify"""
105,AnyOtherPleaseSpecify,Missing Value,NaN,"Missing value in column ""AnyOtherPleaseSpecify"""
106,AnyOtherPleaseSpecify,Missing Value,NaN,"Missing value in column ""AnyOtherPleaseSpecify"""
107,AnyOtherPleaseSpecify,Missing Value,NaN,"Missing value in column ""AnyOtherPleaseSpecify"""
108,AnyOtherPleaseSpecify,Missing Value,NaN,"Missing value in column ""AnyOtherPleaseSpecify"""
109,AnyOtherPleaseSpecify,Missing Value,NaN,"Missing value in column ""AnyOtherPleaseSpecify"""
110,AnyOtherPleaseSpecify,Missing Value,NaN,"Missing value in column ""AnyOtherPleaseSpecify"""
111,AnyOtherPleaseSpecify,Missing Value,NaN,"Missing value in column ""AnyOtherPleaseSpecify"""
112,AnyOtherPleaseSpecify,Missing Value,NaN,"Missing value in column ""AnyOtherPleaseSpecify"""
113,AnyOtherPleaseSpecify,Missing Value,NaN,"Missing value in column ""AnyOtherPleaseSpecify"""
114,AnyOtherPleaseSpecify,Missing Value,NaN,"Missing value in column ""AnyOtherPleaseSpecify"""
115,AnyOtherPleaseSpecify,Missing Value,NaN,"Missing value in column ""AnyOtherPleaseSpecify"""
116,AnyOtherPleaseSpecify,Missing Value,NaN,"Missing value in column ""AnyOtherPleaseSpecify"""
117,AnyOtherPleaseSpecify,Missing Value,NaN,"Missing value in column ""AnyOtherPleaseSpecify"""
118,AnyOtherPleaseSpecify,Missing Value,NaN,"Missing value in column ""AnyOtherPleaseSpecify"""
119,AnyOtherPleaseSpecify,Missing Value,NaN,"Missing value in column ""AnyOtherPleaseSpecify"""
120,AnyOtherPleaseSpecify,Missing Value,NaN,"Missing value in column ""AnyOtherPleaseSpecify"""
6,IfUseClothDoYouRegularyWashClothPadWithSoapAndWater,Missing Value,NaN,"Missing value in column ""IfUseClothDoYouRegularyWashClothPadWithSoapAndWater"""
7,IfUseClothDoYouRegularyWashClothPadWithSoapAndWater,Missing Value,NaN,"Missing value in column ""IfUseClothDoYouRegularyWashClothPadWithSoapAndWater"""
10,IfUseClothDoYouRegularyWashClothPadWithSoapAndWater,Missing Value,NaN,"Missing value in column ""IfUseClothDoYouRegularyWashClothPadWithSoapAndWater"""
11,IfUseClothDoYouRegularyWashClothPadWithSoapAndWater,Missing Value,NaN,"Missing value in column ""IfUseClothDoYouRegularyWashClothPadWithSoapAndWater"""
16,IfUseClothDoYouRegularyWashClothPadWithSoapAndWater,Missing Value,NaN,"Missing value in column ""IfUseClothDoYouRegularyWashClothPadWithSoapAndWater"""
17,IfUseClothDoYouRegularyWashClothPadWithSoapAndWater,Missing Value,NaN,"Missing value in column ""IfUseClothDoYouRegularyWashClothPadWithSoapAndWater"""
18,IfUseClothDoYouRegularyWashClothPadWithSoapAndWater,Missing Value,NaN,"Missing value in column ""IfUseClothDoYouRegularyWashClothPadWithSoapAndWater"""
19,IfUseClothDoYouRegularyWashClothPadWithSoapAndWater,Missing Value,NaN,"Missing value in column ""IfUseClothDoYouRegularyWashClothPadWithSoapAndWater"""
20,IfUseClothDoYouRegularyWashClothPadWithSoapAndWater,Missing Value,NaN,"Missing value in column ""IfUseClothDoYouRegularyWashClothPadWithSoapAndWater"""
22,IfUseClothDoYouRegularyWashClothPadWithSoapAndWater,Missing Value,NaN,"Missing value in column ""IfUseClothDoYouRegularyWashClothPadWithSoapAndWater"""
28,IfUseClothDoYouRegularyWashClothPadWithSoapAndWater,Missing Value,NaN,"Missing value in column ""IfUseClothDoYouRegularyWashClothPadWithSoapAndWater"""
29,IfUseClothDoYouRegularyWashClothPadWithSoapAndWater,Missing Value,NaN,"Missing value in column ""IfUseClothDoYouRegularyWashClothPadWithSoapAndWater"""
40,IfUseClothDoYouRegularyWashClothPadWithSoapAndWater,Missing Value,NaN,"Missing value in column ""IfUseClothDoYouRegularyWashClothPadWithSoapAndWater"""
45,IfUseClothDoYouRegularyWashClothPadWithSoapAndWater,Missing Value,NaN,"Missing value in column ""IfUseClothDoYouRegularyWashClothPadWithSoapAndWater"""
52,IfUseClothDoYouRegularyWashClothPadWithSoapAndWater,Missing Value,NaN,"Missing value in column ""IfUseClothDoYouRegularyWashClothPadWithSoapAndWater"""
54,IfUseClothDoYouRegularyWashClothPadWithSoapAndWater,Missing Value,NaN,"Missing value in column ""IfUseClothDoYouRegularyWashClothPadWithSoapAndWater"""
56,IfUseClothDoYouRegularyWashClothPadWithSoapAndWater,Missing Value,NaN,"Missing value in column ""IfUseClothDoYouRegularyWashClothPadWithSoapAndWater"""
58,IfUseClothDoYouRegularyWashClothPadWithSoapAndWater,Missing Value,NaN,"Missing value in column ""IfUseClothDoYouRegularyWashClothPadWithSoapAndWater"""
60,IfUseClothDoYouRegularyWashClothPadWithSoapAndWater,Missing Value,NaN,"Missing value in column ""IfUseClothDoYouRegularyWashClothPadWithSoapAndWater"""
61,IfUseClothDoYouRegularyWashClothPadWithSoapAndWater,Missing Value,NaN,"Missing value in column ""IfUseClothDoYouRegularyWashClothPadWithSoapAndWater"""
64,IfUseClothDoYouRegularyWashClothPadWithSoapAndWater,Missing Value,NaN,"Missing value in column ""IfUseClothDoYouRegularyWashClothPadWithSoapAndWater"""
67,IfUseClothDoYouRegularyWashClothPadWithSoapAndWater,Missing Value,NaN,"Missing value in column ""IfUseClothDoYouRegularyWashClothPadWithSoapAndWater"""
68,IfUseClothDoYouRegularyWashClothPadWithSoapAndWater,Missing Value,NaN,"Missing value in column ""IfUseClothDoYouRegularyWashClothPadWithSoapAndWater"""
69,IfUseClothDoYouRegularyWashClothPadWithSoapAndWater,Missing Value,NaN,"Missing value in column ""IfUseClothDoYouRegularyWashClothPadWithSoapAndWater"""
70,IfUseClothDoYouRegularyWashClothPadWithSoapAndWater,Missing Value,NaN,"Missing value in column ""IfUseClothDoYouRegularyWashClothPadWithSoapAndWater"""
81,IfUseClothDoYouRegularyWashClothPadWithSoapAndWater,Missing Value,NaN,"Missing value in column ""IfUseClothDoYouRegularyWashClothPadWithSoapAndWater"""
83,IfUseClothDoYouRegularyWashClothPadWithSoapAndWater,Missing Value,NaN,"Missing value in column ""IfUseClothDoYouRegularyWashClothPadWithSoapAndWater"""
84,IfUseClothDoYouRegularyWashClothPadWithSoapAndWater,Missing Value,NaN,"Missing value in column ""IfUseClothDoYouRegularyWashClothPadWithSoapAndWater"""
93,IfUseClothDoYouRegularyWashClothPadWithSoapAndWater,Missing Value,NaN,"Missing value in column ""IfUseClothDoYouRegularyWashClothPadWithSoapAndWater"""
101,IfUseClothDoYouRegularyWashClothPadWithSoapAndWater,Missing Value,NaN,"Missing value in column ""IfUseClothDoYouRegularyWashClothPadWithSoapAndWater"""
105,IfUseClothDoYouRegularyWashClothPadWithSoapAndWater,Missing Value,NaN,"Missing value in column ""IfUseClothDoYouRegularyWashClothPadWithSoapAndWater"""
110,IfUseClothDoYouRegularyWashClothPadWithSoapAndWater,Missing Value,NaN,"Missing value in column ""IfUseClothDoYouRegularyWashClothPadWithSoapAndWater"""
111,IfUseClothDoYouRegularyWashClothPadWithSoapAndWater,Missing Value,NaN,"Missing value in column ""IfUseClothDoYouRegularyWashClothPadWithSoapAndWater"""
112,IfUseClothDoYouRegularyWashClothPadWithSoapAndWater,Missing Value,NaN,"Missing value in column ""IfUseClothDoYouRegularyWashClothPadWithSoapAndWater"""
115,IfUseClothDoYouRegularyWashClothPadWithSoapAndWater,Missing Value,NaN,"Missing value in column ""IfUseClothDoYouRegularyWashClothPadWithSoapAndWater"""
116,IfUseClothDoYouRegularyWashClothPadWithSoapAndWater,Missing Value,NaN,"Missing value in column ""IfUseClothDoYouRegularyWashClothPadWithSoapAndWater"""
118,IfUseClothDoYouRegularyWashClothPadWithSoapAndWater,Missing Value,NaN,"Missing value in column ""IfUseClothDoYouRegularyWashClothPadWithSoapAndWater"""
119,IfUseClothDoYouRegularyWashClothPadWithSoapAndWater,Missing Value,NaN,"Missing value in column ""IfUseClothDoYouRegularyWashClothPadWithSoapAndWater"""
120,IfUseClothDoYouRegularyWashClothPadWithSoapAndWater,Missing Value,NaN,"Missing value in column ""IfUseClothDoYouRegularyWashClothPadWithSoapAndWater"""
6,DoYouDryTheClothINSun,Missing Value,NaN,"Missing value in column ""DoYouDryTheClothINSun"""
7,DoYouDryTheClothINSun,Missing Value,NaN,"Missing value in column ""DoYouDryTheClothINSun"""
10,DoYouDryTheClothINSun,Missing Value,NaN,"Missing value in column ""DoYouDryTheClothINSun"""
11,DoYouDryTheClothINSun,Missing Value,NaN,"Missing value in column ""DoYouDryTheClothINSun"""
16,DoYouDryTheClothINSun,Missing Value,NaN,"Missing value in column ""DoYouDryTheClothINSun"""
17,DoYouDryTheClothINSun,Missing Value,NaN,"Missing value in column ""DoYouDryTheClothINSun"""
18,DoYouDryTheClothINSun,Missing Value,NaN,"Missing value in column ""DoYouDryTheClothINSun"""
19,DoYouDryTheClothINSun,Missing Value,NaN,"Missing value in column ""DoYouDryTheClothINSun"""
20,DoYouDryTheClothINSun,Missing Value,NaN,"Missing value in column ""DoYouDryTheClothINSun"""
22,DoYouDryTheClothINSun,Missing Value,NaN,"Missing value in column ""DoYouDryTheClothINSun"""
28,DoYouDryTheClothINSun,Missing Value,NaN,"Missing value in column ""DoYouDryTheClothINSun"""
29,DoYouDryTheClothINSun,Missing Value,NaN,"Missing value in column ""DoYouDryTheClothINSun"""
40,DoYouDryTheClothINSun,Missing Value,NaN,"Missing value in column ""DoYouDryTheClothINSun"""
45,DoYouDryTheClothINSun,Missing Value,NaN,"Missing value in column ""DoYouDryTheClothINSun"""
52,DoYouDryTheClothINSun,Missing Value,NaN,"Missing value in column ""DoYouDryTheClothINSun"""
54,DoYouDryTheClothINSun,Missing Value,NaN,"Missing value in column ""DoYouDryTheClothINSun"""
56,DoYouDryTheClothINSun,Missing Value,NaN,"Missing value in column ""DoYouDryTheClothINSun"""
58,DoYouDryTheClothINSun,Missing Value,NaN,"Missing value in column ""DoYouDryTheClothINSun"""
60,DoYouDryTheClothINSun,Missing Value,NaN,"Missing value in column ""DoYouDryTheClothINSun"""
61,DoYouDryTheClothINSun,Missing Value,NaN,"Missing value in column ""DoYouDryTheClothINSun"""
64,DoYouDryTheClothINSun,Missing Value,NaN,"Missing value in column ""DoYouDryTheClothINSun"""
67,DoYouDryTheClothINSun,Missing Value,NaN,"Missing value in column ""DoYouDryTheClothINSun"""
68,DoYouDryTheClothINSun,Missing Value,NaN,"Missing value in column ""DoYouDryTheClothINSun"""
69,DoYouDryTheClothINSun,Missing Value,NaN,"Missing value in column ""DoYouDryTheClothINSun"""
70,DoYouDryTheClothINSun,Missing Value,NaN,"Missing value in column ""DoYouDryTheClothINSun"""
81,DoYouDryTheClothINSun,Missing Value,NaN,"Missing value in column ""DoYouDryTheClothINSun"""
83,DoYouDryTheClothINSun,Missing Value,NaN,"Missing value in column ""DoYouDryTheClothINSun"""
84,DoYouDryTheClothINSun,Missing Value,NaN,"Missing value in column ""DoYouDryTheClothINSun"""
93,DoYouDryTheClothINSun,Missing Value,NaN,"Missing value in column ""DoYouDryTheClothINSun"""
101,DoYouDryTheClothINSun,Missing Value,NaN,"Missing value in column ""DoYouDryTheClothINSun"""
105,DoYouDryTheClothINSun,Missing Value,NaN,"Missing value in column ""DoYouDryTheClothINSun"""
110,DoYouDryTheClothINSun,Missing Value,NaN,"Missing value in column ""DoYouDryTheClothINSun"""
111,DoYouDryTheClothINSun,Missing Value,NaN,"Missing value in column ""DoYouDryTheClothINSun"""
112,DoYouDryTheClothINSun,Missing Value,NaN,"Missing value in column ""DoYouDryTheClothINSun"""
115,DoYouDryTheClothINSun,Missing Value,NaN,"Missing value in column ""DoYouDryTheClothINSun"""
116,DoYouDryTheClothINSun,Missing Value,NaN,"Missing value in column ""DoYouDryTheClothINSun"""
118,DoYouDryTheClothINSun,Missing Value,NaN,"Missing value in column ""DoYouDryTheClothINSun"""
119,DoYouDryTheClothINSun,Missing Value,NaN,"Missing value in column ""DoYouDryTheClothINSun"""
120,DoYouDryTheClothINSun,Missing Value,NaN,"Missing value in column ""DoYouDryTheClothINSun"""
6,FaceAnyProblemDuringWashingandDryingClothUsedForMensturation,Missing Value,NaN,"Missing value in column ""FaceAnyProblemDuringWashingandDryingClothUsedForMensturation"""
7,FaceAnyProblemDuringWashingandDryingClothUsedForMensturation,Missing Value,NaN,"Missing value in column ""FaceAnyProblemDuringWashingandDryingClothUsedForMensturation"""
10,FaceAnyProblemDuringWashingandDryingClothUsedForMensturation,Missing Value,NaN,"Missing value in column ""FaceAnyProblemDuringWashingandDryingClothUsedForMensturation"""
11,FaceAnyProblemDuringWashingandDryingClothUsedForMensturation,Missing Value,NaN,"Missing value in column ""FaceAnyProblemDuringWashingandDryingClothUsedForMensturation"""
16,FaceAnyProblemDuringWashingandDryingClothUsedForMensturation,Missing Value,NaN,"Missing value in column ""FaceAnyProblemDuringWashingandDryingClothUsedForMensturation"""
17,FaceAnyProblemDuringWashingandDryingClothUsedForMensturation,Missing Value,NaN,"Missing value in column ""FaceAnyProblemDuringWashingandDryingClothUsedForMensturation"""
18,FaceAnyProblemDuringWashingandDryingClothUsedForMensturation,Missing Value,NaN,"Missing value in column ""FaceAnyProblemDuringWashingandDryingClothUsedForMensturation"""
19,FaceAnyProblemDuringWashingandDryingClothUsedForMensturation,Missing Value,NaN,"Missing value in column ""FaceAnyProblemDuringWashingandDryingClothUsedForMensturation"""
20,FaceAnyProblemDuringWashingandDryingClothUsedForMensturation,Missing Value,NaN,"Missing value in column ""FaceAnyProblemDuringWashingandDryingClothUsedForMensturation"""
22,FaceAnyProblemDuringWashingandDryingClothUsedForMensturation,Missing Value,NaN,"Missing value in column ""FaceAnyProblemDuringWashingandDryingClothUsedForMensturation"""
28,FaceAnyProblemDuringWashingandDryingClothUsedForMensturation,Missing Value,NaN,"Missing value in column ""FaceAnyProblemDuringWashingandDryingClothUsedForMensturation"""
29,FaceAnyProblemDuringWashingandDryingClothUsedForMensturation,Missing Value,NaN,"Missing value in column ""FaceAnyProblemDuringWashingandDryingClothUsedForMensturation"""
40,FaceAnyProblemDuringWashingandDryingClothUsedForMensturation,Missing Value,NaN,"Missing value in column ""FaceAnyProblemDuringWashingandDryingClothUsedForMensturation"""
45,FaceAnyProblemDuringWashingandDryingClothUsedForMensturation,Missing Value,NaN,"Missing value in column ""FaceAnyProblemDuringWashingandDryingClothUsedForMensturation"""
52,FaceAnyProblemDuringWashingandDryingClothUsedForMensturation,Missing Value,NaN,"Missing value in column ""FaceAnyProblemDuringWashingandDryingClothUsedForMensturation"""
54,FaceAnyProblemDuringWashingandDryingClothUsedForMensturation,Missing Value,NaN,"Missing value in column ""FaceAnyProblemDuringWashingandDryingClothUsedForMensturation"""
56,FaceAnyProblemDuringWashingandDryingClothUsedForMensturation,Missing Value,NaN,"Missing value in column ""FaceAnyProblemDuringWashingandDryingClothUsedForMensturation"""
58,FaceAnyProblemDuringWashingandDryingClothUsedForMensturation,Missing Value,NaN,"Missing value in column ""FaceAnyProblemDuringWashingandDryingClothUsedForMensturation"""
60,FaceAnyProblemDuringWashingandDryingClothUsedForMensturation,Missing Value,NaN,"Missing value in column ""FaceAnyProblemDuringWashingandDryingClothUsedForMensturation"""
61,FaceAnyProblemDuringWashingandDryingClothUsedForMensturation,Missing Value,NaN,"Missing value in column ""FaceAnyProblemDuringWashingandDryingClothUsedForMensturation"""
64,FaceAnyProblemDuringWashingandDryingClothUsedForMensturation,Missing Value,NaN,"Missing value in column ""FaceAnyProblemDuringWashingandDryingClothUsedForMensturation"""
67,FaceAnyProblemDuringWashingandDryingClothUsedForMensturation,Missing Value,NaN,"Missing value in column ""FaceAnyProblemDuringWashingandDryingClothUsedForMensturation"""
68,FaceAnyProblemDuringWashingandDryingClothUsedForMensturation,Missing Value,NaN,"Missing value in column ""FaceAnyProblemDuringWashingandDryingClothUsedForMensturation"""
69,FaceAnyProblemDuringWashingandDryingClothUsedForMensturation,Missing Value,NaN,"Missing value in column ""FaceAnyProblemDuringWashingandDryingClothUsedForMensturation"""
70,FaceAnyProblemDuringWashingandDryingClothUsedForMensturation,Missing Value,NaN,"Missing value in column ""FaceAnyProblemDuringWashingandDryingClothUsedForMensturation"""
81,FaceAnyProblemDuringWashingandDryingClothUsedForMensturation,Missing Value,NaN,"Missing value in column ""FaceAnyProblemDuringWashingandDryingClothUsedForMensturation"""
83,FaceAnyProblemDuringWashingandDryingClothUsedForMensturation,Missing Value,NaN,"Missing value in column ""FaceAnyProblemDuringWashingandDryingClothUsedForMensturation"""
84,FaceAnyProblemDuringWashingandDryingClothUsedForMensturation,Missing Value,NaN,"Missing value in column ""FaceAnyProblemDuringWashingandDryingClothUsedForMensturation"""
93,FaceAnyProblemDuringWashingandDryingClothUsedForMensturation,Missing Value,NaN,"Missing value in column ""FaceAnyProblemDuringWashingandDryingClothUsedForMensturation"""
101,FaceAnyProblemDuringWashingandDryingClothUsedForMensturation,Missing Value,NaN,"Missing value in column ""FaceAnyProblemDuringWashingandDryingClothUsedForMensturation"""
105,FaceAnyProblemDuringWashingandDryingClothUsedForMensturation,Missing Value,NaN,"Missing value in column ""FaceAnyProblemDuringWashingandDryingClothUsedForMensturation"""
110,FaceAnyProblemDuringWashingandDryingClothUsedForMensturation,Missing Value,NaN,"Missing value in column ""FaceAnyProblemDuringWashingandDryingClothUsedForMensturation"""
111,FaceAnyProblemDuringWashingandDryingClothUsedForMensturation,Missing Value,NaN,"Missing value in column ""FaceAnyProblemDuringWashingandDryingClothUsedForMensturation"""
112,FaceAnyProblemDuringWashingandDryingClothUsedForMensturation,Missing Value,NaN,"Missing value in column ""FaceAnyProblemDuringWashingandDryingClothUsedForMensturation"""
115,FaceAnyProblemDuringWashingandDryingClothUsedForMensturation,Missing Value,NaN,"Missing value in column ""FaceAnyProblemDuringWashingandDryingClothUsedForMensturation"""
116,FaceAnyProblemDuringWashingandDryingClothUsedForMensturation,Missing Value,NaN,"Missing value in column ""FaceAnyProblemDuringWashingandDryingClothUsedForMensturation"""
118,FaceAnyProblemDuringWashingandDryingClothUsedForMensturation,Missing Value,NaN,"Missing value in column ""FaceAnyProblemDuringWashingandDryingClothUsedForMensturation"""
119,FaceAnyProblemDuringWashingandDryingClothUsedForMensturation,Missing Value,NaN,"Missing value in column ""FaceAnyProblemDuringWashingandDryingClothUsedForMensturation"""
120,FaceAnyProblemDuringWashingandDryingClothUsedForMensturation,Missing Value,NaN,"Missing value in column ""FaceAnyProblemDuringWashingandDryingClothUsedForMensturation"""
1,TypeOfProblemFaceWhileWashingAndDryingCloth,Missing Value,NaN,"Missing value in column ""TypeOfProblemFaceWhileWashingAndDryingCloth"""
2,TypeOfProblemFaceWhileWashingAndDryingCloth,Missing Value,NaN,"Missing value in column ""TypeOfProblemFaceWhileWashingAndDryingCloth"""
3,TypeOfProblemFaceWhileWashingAndDryingCloth,Missing Value,NaN,"Missing value in column ""TypeOfProblemFaceWhileWashingAndDryingCloth"""
4,TypeOfProblemFaceWhileWashingAndDryingCloth,Missing Value,NaN,"Missing value in column ""TypeOfProblemFaceWhileWashingAndDryingCloth"""
5,TypeOfProblemFaceWhileWashingAndDryingCloth,Missing Value,NaN,"Missing value in column ""TypeOfProblemFaceWhileWashingAndDryingCloth"""
6,TypeOfProblemFaceWhileWashingAndDryingCloth,Missing Value,NaN,"Missing value in column ""TypeOfProblemFaceWhileWashingAndDryingCloth"""
7,TypeOfProblemFaceWhileWashingAndDryingCloth,Missing Value,NaN,"Missing value in column ""TypeOfProblemFaceWhileWashingAndDryingCloth"""
10,TypeOfProblemFaceWhileWashingAndDryingCloth,Missing Value,NaN,"Missing value in column ""TypeOfProblemFaceWhileWashingAndDryingCloth"""
11,TypeOfProblemFaceWhileWashingAndDryingCloth,Missing Value,NaN,"Missing value in column ""TypeOfProblemFaceWhileWashingAndDryingCloth"""
16,TypeOfProblemFaceWhileWashingAndDryingCloth,Missing Value,NaN,"Missing value in column ""TypeOfProblemFaceWhileWashingAndDryingCloth"""
17,TypeOfProblemFaceWhileWashingAndDryingCloth,Missing Value,NaN,"Missing value in column ""TypeOfProblemFaceWhileWashingAndDryingCloth"""
18,TypeOfProblemFaceWhileWashingAndDryingCloth,Missing Value,NaN,"Missing value in column ""TypeOfProblemFaceWhileWashingAndDryingCloth"""
19,TypeOfProblemFaceWhileWashingAndDryingCloth,Missing Value,NaN,"Missing value in column ""TypeOfProblemFaceWhileWashingAndDryingCloth"""
20,TypeOfProblemFaceWhileWashingAndDryingCloth,Missing Value,NaN,"Missing value in column ""TypeOfProblemFaceWhileWashingAndDryingCloth"""
22,TypeOfProblemFaceWhileWashingAndDryingCloth,Missing Value,NaN,"Missing value in column ""TypeOfProblemFaceWhileWashingAndDryingCloth"""
28,TypeOfProblemFaceWhileWashingAndDryingCloth,Missing Value,NaN,"Missing value in column ""TypeOfProblemFaceWhileWashingAndDryingCloth"""
29,TypeOfProblemFaceWhileWashingAndDryingCloth,Missing Value,NaN,"Missing value in column ""TypeOfProblemFaceWhileWashingAndDryingCloth"""
30,TypeOfProblemFaceWhileWashingAndDryingCloth,Missing Value,NaN,"Missing value in column ""TypeOfProblemFaceWhileWashingAndDryingCloth"""
32,TypeOfProblemFaceWhileWashingAndDryingCloth,Missing Value,NaN,"Missing value in column ""TypeOfProblemFaceWhileWashingAndDryingCloth"""
34,TypeOfProblemFaceWhileWashingAndDryingCloth,Missing Value,NaN,"Missing value in column ""TypeOfProblemFaceWhileWashingAndDryingCloth"""
36,TypeOfProblemFaceWhileWashingAndDryingCloth,Missing Value,NaN,"Missing value in column ""TypeOfProblemFaceWhileWashingAndDryingCloth"""
37,TypeOfProblemFaceWhileWashingAndDryingCloth,Missing Value,NaN,"Missing value in column ""TypeOfProblemFaceWhileWashingAndDryingCloth"""
38,TypeOfProblemFaceWhileWashingAndDryingCloth,Missing Value,NaN,"Missing value in column ""TypeOfProblemFaceWhileWashingAndDryingCloth"""
39,TypeOfProblemFaceWhileWashingAndDryingCloth,Missing Value,NaN,"Missing value in column ""TypeOfProblemFaceWhileWashingAndDryingCloth"""
40,TypeOfProblemFaceWhileWashingAndDryingCloth,Missing Value,NaN,"Missing value in column ""TypeOfProblemFaceWhileWashingAndDryingCloth"""
41,TypeOfProblemFaceWhileWashingAndDryingCloth,Missing Value,NaN,"Missing value in column ""TypeOfProblemFaceWhileWashingAndDryingCloth"""
45,TypeOfProblemFaceWhileWashingAndDryingCloth,Missing Value,NaN,"Missing value in column ""TypeOfProblemFaceWhileWashingAndDryingCloth"""
46,TypeOfProblemFaceWhileWashingAndDryingCloth,Missing Value,NaN,"Missing value in column ""TypeOfProblemFaceWhileWashingAndDryingCloth"""
50,TypeOfProblemFaceWhileWashingAndDryingCloth,Missing Value,NaN,"Missing value in column ""TypeOfProblemFaceWhileWashingAndDryingCloth"""
51,TypeOfProblemFaceWhileWashingAndDryingCloth,Missing Value,NaN,"Missing value in column ""TypeOfProblemFaceWhileWashingAndDryingCloth"""
52,TypeOfProblemFaceWhileWashingAndDryingCloth,Missing Value,NaN,"Missing value in column ""TypeOfProblemFaceWhileWashingAndDryingCloth"""
53,TypeOfProblemFaceWhileWashingAndDryingCloth,Missing Value,NaN,"Missing value in column ""TypeOfProblemFaceWhileWashingAndDryingCloth"""
54,TypeOfProblemFaceWhileWashingAndDryingCloth,Missing Value,NaN,"Missing value in column ""TypeOfProblemFaceWhileWashingAndDryingCloth"""
56,TypeOfProblemFaceWhileWashingAndDryingCloth,Missing Value,NaN,"Missing value in column ""TypeOfProblemFaceWhileWashingAndDryingCloth"""
57,TypeOfProblemFaceWhileWashingAndDryingCloth,Missing Value,NaN,"Missing value in column ""TypeOfProblemFaceWhileWashingAndDryingCloth"""
58,TypeOfProblemFaceWhileWashingAndDryingCloth,Missing Value,NaN,"Missing value in column ""TypeOfProblemFaceWhileWashingAndDryingCloth"""
60,TypeOfProblemFaceWhileWashingAndDryingCloth,Missing Value,NaN,"Missing value in column ""TypeOfProblemFaceWhileWashingAndDryingCloth"""
61,TypeOfProblemFaceWhileWashingAndDryingCloth,Missing Value,NaN,"Missing value in column ""TypeOfProblemFaceWhileWashingAndDryingCloth"""
62,TypeOfProblemFaceWhileWashingAndDryingCloth,Missing Value,NaN,"Missing value in column ""TypeOfProblemFaceWhileWashingAndDryingCloth"""
63,TypeOfProblemFaceWhileWashingAndDryingCloth,Missing Value,NaN,"Missing value in column ""TypeOfProblemFaceWhileWashingAndDryingCloth"""
64,TypeOfProblemFaceWhileWashingAndDryingCloth,Missing Value,NaN,"Missing value in column ""TypeOfProblemFaceWhileWashingAndDryingCloth"""
66,TypeOfProblemFaceWhileWashingAndDryingCloth,Missing Value,NaN,"Missing value in column ""TypeOfProblemFaceWhileWashingAndDryingCloth"""
67,TypeOfProblemFaceWhileWashingAndDryingCloth,Missing Value,NaN,"Missing value in column ""TypeOfProblemFaceWhileWashingAndDryingCloth"""
68,TypeOfProblemFaceWhileWashingAndDryingCloth,Missing Value,NaN,"Missing value in column ""TypeOfProblemFaceWhileWashingAndDryingCloth"""
69,TypeOfProblemFaceWhileWashingAndDryingCloth,Missing Value,NaN,"Missing value in column ""TypeOfProblemFaceWhileWashingAndDryingCloth"""
70,TypeOfProblemFaceWhileWashingAndDryingCloth,Missing Value,NaN,"Missing value in column ""TypeOfProblemFaceWhileWashingAndDryingCloth"""
72,TypeOfProblemFaceWhileWashingAndDryingCloth,Missing Value,NaN,"Missing value in column ""TypeOfProblemFaceWhileWashingAndDryingCloth"""
73,TypeOfProblemFaceWhileWashingAndDryingCloth,Missing Value,NaN,"Missing value in column ""TypeOfProblemFaceWhileWashingAndDryingCloth"""
74,TypeOfProblemFaceWhileWashingAndDryingCloth,Missing Value,NaN,"Missing value in column ""TypeOfProblemFaceWhileWashingAndDryingCloth"""
75,TypeOfProblemFaceWhileWashingAndDryingCloth,Missing Value,NaN,"Missing value in column ""TypeOfProblemFaceWhileWashingAndDryingCloth"""
76,TypeOfProblemFaceWhileWashingAndDryingCloth,Missing Value,NaN,"Missing value in column ""TypeOfProblemFaceWhileWashingAndDryingCloth"""
77,TypeOfProblemFaceWhileWashingAndDryingCloth,Missing Value,NaN,"Missing value in column ""TypeOfProblemFaceWhileWashingAndDryingCloth"""
78,TypeOfProblemFaceWhileWashingAndDryingCloth,Missing Value,NaN,"Missing value in column ""TypeOfProblemFaceWhileWashingAndDryingCloth"""
79,TypeOfProblemFaceWhileWashingAndDryingCloth,Missing Value,NaN,"Missing value in column ""TypeOfProblemFaceWhileWashingAndDryingCloth"""
80,TypeOfProblemFaceWhileWashingAndDryingCloth,Missing Value,NaN,"Missing value in column ""TypeOfProblemFaceWhileWashingAndDryingCloth"""
81,TypeOfProblemFaceWhileWashingAndDryingCloth,Missing Value,NaN,"Missing value in column ""TypeOfProblemFaceWhileWashingAndDryingCloth"""
82,TypeOfProblemFaceWhileWashingAndDryingCloth,Missing Value,NaN,"Missing value in column ""TypeOfProblemFaceWhileWashingAndDryingCloth"""
83,TypeOfProblemFaceWhileWashingAndDryingCloth,Missing Value,NaN,"Missing value in column ""TypeOfProblemFaceWhileWashingAndDryingCloth"""
84,TypeOfProblemFaceWhileWashingAndDryingCloth,Missing Value,NaN,"Missing value in column ""TypeOfProblemFaceWhileWashingAndDryingCloth"""
85,TypeOfProblemFaceWhileWashingAndDryingCloth,Missing Value,NaN,"Missing value in column ""TypeOfProblemFaceWhileWashingAndDryingCloth"""
86,TypeOfProblemFaceWhileWashingAndDryingCloth,Missing Value,NaN,"Missing value in column ""TypeOfProblemFaceWhileWashingAndDryingCloth"""
89,TypeOfProblemFaceWhileWashingAndDryingCloth,Missing Value,NaN,"Missing value in column ""TypeOfProblemFaceWhileWashingAndDryingCloth"""
90,TypeOfProblemFaceWhileWashingAndDryingCloth,Missing Value,NaN,"Missing value in column ""TypeOfProblemFaceWhileWashingAndDryingCloth"""
91,TypeOfProblemFaceWhileWashingAndDryingCloth,Missing Value,NaN,"Missing value in column ""TypeOfProblemFaceWhileWashingAndDryingCloth"""
92,TypeOfProblemFaceWhileWashingAndDryingCloth,Missing Value,NaN,"Missing value in column ""TypeOfProblemFaceWhileWashingAndDryingCloth"""
93,TypeOfProblemFaceWhileWashingAndDryingCloth,Missing Value,NaN,"Missing value in column ""TypeOfProblemFaceWhileWashingAndDryingCloth"""
94,TypeOfProblemFaceWhileWashingAndDryingCloth,Missing Value,NaN,"Missing value in column ""TypeOfProblemFaceWhileWashingAndDryingCloth"""
95,TypeOfProblemFaceWhileWashingAndDryingCloth,Missing Value,NaN,"Missing value in column ""TypeOfProblemFaceWhileWashingAndDryingCloth"""
96,TypeOfProblemFaceWhileWashingAndDryingCloth,Missing Value,NaN,"Missing value in column ""TypeOfProblemFaceWhileWashingAndDryingCloth"""
97,TypeOfProblemFaceWhileWashingAndDryingCloth,Missing Value,NaN,"Missing value in column ""TypeOfProblemFaceWhileWashingAndDryingCloth"""
98,TypeOfProblemFaceWhileWashingAndDryingCloth,Missing Value,NaN,"Missing value in column ""TypeOfProblemFaceWhileWashingAndDryingCloth"""
99,TypeOfProblemFaceWhileWashingAndDryingCloth,Missing Value,NaN,"Missing value in column ""TypeOfProblemFaceWhileWashingAndDryingCloth"""
100,TypeOfProblemFaceWhileWashingAndDryingCloth,Missing Value,NaN,"Missing value in column ""TypeOfProblemFaceWhileWashingAndDryingCloth"""
101,TypeOfProblemFaceWhileWashingAndDryingCloth,Missing Value,NaN,"Missing value in column ""TypeOfProblemFaceWhileWashingAndDryingCloth"""
103,TypeOfProblemFaceWhileWashingAndDryingCloth,Missing Value,NaN,"Missing value in column ""TypeOfProblemFaceWhileWashingAndDryingCloth"""
104,TypeOfProblemFaceWhileWashingAndDryingCloth,Missing Value,NaN,"Missing value in column ""TypeOfProblemFaceWhileWashingAndDryingCloth"""
105,TypeOfProblemFaceWhileWashingAndDryingCloth,Missing Value,NaN,"Missing value in column ""TypeOfProblemFaceWhileWashingAndDryingCloth"""
106,TypeOfProblemFaceWhileWashingAndDryingCloth,Missing Value,NaN,"Missing value in column ""TypeOfProblemFaceWhileWashingAndDryingCloth"""
107,TypeOfProblemFaceWhileWashingAndDryingCloth,Missing Value,NaN,"Missing value in column ""TypeOfProblemFaceWhileWashingAndDryingCloth"""
108,TypeOfProblemFaceWhileWashingAndDryingCloth,Missing Value,NaN,"Missing value in column ""TypeOfProblemFaceWhileWashingAndDryingCloth"""
109,TypeOfProblemFaceWhileWashingAndDryingCloth,Missing Value,NaN,"Missing value in column ""TypeOfProblemFaceWhileWashingAndDryingCloth"""
110,TypeOfProblemFaceWhileWashingAndDryingCloth,Missing Value,NaN,"Missing value in column ""TypeOfProblemFaceWhileWashingAndDryingCloth"""
111,TypeOfProblemFaceWhileWashingAndDryingCloth,Missing Value,NaN,"Missing value in column ""TypeOfProblemFaceWhileWashingAndDryingCloth"""
112,TypeOfProblemFaceWhileWashingAndDryingCloth,Missing Value,NaN,"Missing value in column ""TypeOfProblemFaceWhileWashingAndDryingCloth"""
113,TypeOfProblemFaceWhileWashingAndDryingCloth,Missing Value,NaN,"Missing value in column ""TypeOfProblemFaceWhileWashingAndDryingCloth"""
114,TypeOfProblemFaceWhileWashingAndDryingCloth,Missing Value,NaN,"Missing value in column ""TypeOfProblemFaceWhileWashingAndDryingCloth"""
115,TypeOfProblemFaceWhileWashingAndDryingCloth,Missing Value,NaN,"Missing value in column ""TypeOfProblemFaceWhileWashingAndDryingCloth"""
116,TypeOfProblemFaceWhileWashingAndDryingCloth,Missing Value,NaN,"Missing value in column ""TypeOfProblemFaceWhileWashingAndDryingCloth"""
117,TypeOfProblemFaceWhileWashingAndDryingCloth,Missing Value,NaN,"Missing value in column ""TypeOfProblemFaceWhileWashingAndDryingCloth"""
118,TypeOfProblemFaceWhileWashingAndDryingCloth,Missing Value,NaN,"Missing value in column ""TypeOfProblemFaceWhileWashingAndDryingCloth"""
119,TypeOfProblemFaceWhileWashingAndDryingCloth,Missing Value,NaN,"Missing value in column ""TypeOfProblemFaceWhileWashingAndDryingCloth"""
120,TypeOfProblemFaceWhileWashingAndDryingCloth,Missing Value,NaN,"Missing value in column ""TypeOfProblemFaceWhileWashingAndDryingCloth"""
2,UsePaperToDisposeThePadByWrapping,Missing Value,NaN,"Missing value in column ""UsePaperToDisposeThePadByWrapping"""
3,UsePaperToDisposeThePadByWrapping,Missing Value,NaN,"Missing value in column ""UsePaperToDisposeThePadByWrapping"""
4,UsePaperToDisposeThePadByWrapping,Missing Value,NaN,"Missing value in column ""UsePaperToDisposeThePadByWrapping"""
5,UsePaperToDisposeThePadByWrapping,Missing Value,NaN,"Missing value in column ""UsePaperToDisposeThePadByWrapping"""
13,WhereDisposeTheUsedPads,Missing Value,NaN,"Missing value in column ""WhereDisposeTheUsedPads"""
